{
  "swagger" : "2.0",
  "info" : {
    "title" : "GetDetails",
    "version" : "1.0.0",
    "description" : "GetDetails"
  },
  "paths" : {
    "/getDetails" : {
      "get" : {
        "operationId" : "getGetDetails",
        "responses" : {
          "200" : {
            "description" : "The operation was successful.",
            "schema" : {
              "type" : "string"
            }
          }
        },
        "produces" : [ "application/json" ],
        "description" : "Retrieve getDetails",
        "parameters" : [ {
          "name" : "id",
          "in" : "query",
          "type" : "string"
        }, {
          "name" : "name",
          "in" : "query",
          "type" : "string"
        } ]
      }
    }
  },
  "basePath" : "/getdetails/v1"
}